{
  "@class" : "org.deeplearning4j.eval.ROCMultiClass",
  "thresholdSteps" : 0,
  "rocRemoveRedundantPts" : true,
  "underlying" : [ {
    "@class" : "org.deeplearning4j.eval.ROC",
    "thresholdSteps" : 0,
    "countActualPositive" : 26,
    "countActualNegative" : 124,
    "counts" : { },
    "auc" : 0.9426178861751446,
    "auprc" : 0.8936395077621553,
    "rocCurve" : {
      "@class" : "org.deeplearning4j.eval.curves.RocCurve",
      "threshold" : [ 1.0, 0.3128224015235901, 0.31222236156463623, 0.3096979260444641, 0.30543211102485657, 0.3048596680164337, 0.2661650776863098, 0.26233768463134766, 0.13160786032676697, 0.13135965168476105, 0.1309109479188919, 0.13041484355926514, 0.12191033363342285, 0.12163107097148895, 0.0 ],
      "fpr" : [ 0.0, 0.0, 0.008064515888690948, 0.008064515888690948, 0.024193547666072845, 0.024193547666072845, 0.08064515888690948, 0.08064515888690948, 0.40322577953338623, 0.40322577953338623, 0.41129031777381897, 0.41129031777381897, 0.5322580337524414, 0.5322580337524414, 1.0 ],
      "tpr" : [ 0.0, 0.6153846383094788, 0.6153846383094788, 0.8076923489570618, 0.8076923489570618, 0.8461538553237915, 0.8461538553237915, 0.884615421295166, 0.884615421295166, 0.9230769872665405, 0.9230769872665405, 0.9615384936332703, 0.9615384936332703, 1.0, 1.0 ],
      "auc" : 0.9426178861751446
    },
    "prCurve" : {
      "@class" : "org.deeplearning4j.eval.curves.PrecisionRecallCurve",
      "threshold" : [ 0.0, 0.12163107097148895, 0.12191033363342285, 0.13041484355926514, 0.1309109479188919, 0.13135965168476105, 0.13160786032676697, 0.26233768463134766, 0.2661650776863098, 0.3048596680164337, 0.30543211102485657, 0.3096979260444641, 0.3110269606113434, 0.3113415837287903, 0.3115760087966919, 0.3119349479675293, 0.31222236156463623, 0.3128224015235901, 1.0 ],
      "precision" : [ 0.1733333319425583, 0.28260868787765503, 0.2747252881526947, 0.32894736528396606, 0.3199999928474426, 0.3243243098258972, 0.31506848335266113, 0.6969696879386902, 0.6875, 0.8799999952316284, 0.875, 0.9545454382896423, 0.9523809552192688, 0.949999988079071, 0.9473684430122375, 0.9444444179534912, 0.9411764740943909, 1.0, 1.0 ],
      "recall" : [ 1.0, 1.0, 0.9615384936332703, 0.9615384936332703, 0.9230769872665405, 0.9230769872665405, 0.884615421295166, 0.884615421295166, 0.8461538553237915, 0.8461538553237915, 0.8076923489570618, 0.8076923489570618, 0.7692307829856873, 0.7307692766189575, 0.692307710647583, 0.6538462042808533, 0.6153846383094788, 0.6153846383094788, 0.0 ],
      "tpCount" : [ 26, 26, 25, 25, 24, 24, 23, 23, 22, 22, 21, 21, 20, 19, 18, 17, 16, 16, 0 ],
      "fpCount" : [ 124, 66, 66, 51, 51, 50, 50, 10, 10, 3, 3, 1, 1, 1, 1, 1, 1, 0, 0 ],
      "fnCount" : [ 0, 0, 1, 1, 2, 2, 3, 3, 4, 4, 5, 5, 6, 7, 8, 9, 10, 10, 26 ],
      "totalCount" : 150,
      "area" : 0.8936395077621553
    },
    "isExact" : true,
    "exampleCount" : 150,
    "rocRemoveRedundantPts" : true
  }, {
    "@class" : "org.deeplearning4j.eval.ROC",
    "thresholdSteps" : 0,
    "countActualPositive" : 29,
    "countActualNegative" : 121,
    "counts" : { },
    "auc" : 0.9917355375364423,
    "auprc" : 0.8800579144726169,
    "rocCurve" : {
      "@class" : "org.deeplearning4j.eval.curves.RocCurve",
      "threshold" : [ 1.0, 0.22390463948249817, 0.21630260348320007, 0.0 ],
      "fpr" : [ 0.0, 0.00826446246355772, 0.00826446246355772, 1.0 ],
      "tpr" : [ 0.0, 0.0, 1.0, 1.0 ],
      "auc" : 0.9917355375364423
    },
    "prCurve" : {
      "@class" : "org.deeplearning4j.eval.curves.PrecisionRecallCurve",
      "threshold" : [ 0.0, 0.21630260348320007, 0.2166215181350708, 0.21676872670650482, 0.21684075891971588, 0.2169039100408554, 0.21747435629367828, 0.2177211493253708, 0.21792112290859222, 0.21794694662094116, 0.21869532763957977, 0.21877552568912506, 0.21904882788658142, 0.21926851570606232, 0.21931783854961395, 0.21949857473373413, 0.2195565104484558, 0.2195686250925064, 0.2196766883134842, 0.21983188390731812, 0.21987801790237427, 0.2202722430229187, 0.22027891874313354, 0.22032620012760162, 0.22055532038211823, 0.22060437500476837, 0.22060443460941315, 0.2213234156370163, 0.2229570895433426, 0.22326582670211792, 0.22390463948249817, 1.0 ],
      "precision" : [ 0.19333332777023315, 0.9666666388511658, 0.9655172228813171, 0.9642857313156128, 0.9629629850387573, 0.9615384340286255, 0.9599999785423279, 0.9583333134651184, 0.95652174949646, 0.9545454382896423, 0.9523809552192688, 0.949999988079071, 0.9473684430122375, 0.9444444179534912, 0.9411764740943909, 0.9375, 0.9333333373069763, 0.9285714030265808, 0.9230769276618958, 0.9166666865348816, 0.9090909361839294, 0.8999999761581421, 0.8888888955116272, 0.875, 0.8571428656578064, 0.8333333134651184, 0.800000011920929, 0.75, 0.6666666865348816, 0.5, 0.0, 1.0 ],
      "recall" : [ 1.0, 1.0, 0.9655172228813171, 0.931034505367279, 0.8965517282485962, 0.8620689511299133, 0.8275861740112305, 0.7931034564971924, 0.7586206793785095, 0.7241379022598267, 0.6896551847457886, 0.6551724076271057, 0.6206896305084229, 0.5862069129943848, 0.5517241358757019, 0.517241358757019, 0.48275861144065857, 0.4482758641242981, 0.41379308700561523, 0.37931033968925476, 0.3448275923728943, 0.3103448152542114, 0.27586206793785095, 0.24137930572032928, 0.20689654350280762, 0.17241379618644714, 0.13793103396892548, 0.10344827175140381, 0.06896551698446274, 0.03448275849223137, 0.0, 0.0 ],
      "tpCount" : [ 29, 29, 28, 27, 26, 25, 24, 23, 22, 21, 20, 19, 18, 17, 16, 15, 14, 13, 12, 11, 10, 9, 8, 7, 6, 5, 4, 3, 2, 1, 0, 0 ],
      "fpCount" : [ 121, 1, 1, 1, 1, 1, 1, 1, 1, 1, 1, 1, 1, 1, 1, 1, 1, 1, 1, 1, 1, 1, 1, 1, 1, 1, 1, 1, 1, 1, 1, 0 ],
      "fnCount" : [ 0, 0, 1, 2, 3, 4, 5, 6, 7, 8, 9, 10, 11, 12, 13, 14, 15, 16, 17, 18, 19, 20, 21, 22, 23, 24, 25, 26, 27, 28, 29, 29 ],
      "totalCount" : 150,
      "area" : 0.8800579144726169
    },
    "isExact" : true,
    "exampleCount" : 150,
    "rocRemoveRedundantPts" : true
  }, {
    "@class" : "org.deeplearning4j.eval.ROC",
    "thresholdSteps" : 0,
    "countActualPositive" : 22,
    "countActualNegative" : 128,
    "counts" : { },
    "auc" : 0.9815341075882316,
    "auprc" : 0.9641696794622643,
    "rocCurve" : {
      "@class" : "org.deeplearning4j.eval.curves.RocCurve",
      "threshold" : [ 1.0, 0.34597861766815186, 0.2959854304790497, 0.29566389322280884, 0.16422761976718903, 0.15019941329956055, 0.0 ],
      "fpr" : [ 0.0, 0.0, 0.015625, 0.015625, 0.390625, 0.390625, 1.0 ],
      "tpr" : [ 0.0, 0.9090909361839294, 0.9090909361839294, 0.9545454978942871, 0.9545454978942871, 1.0, 1.0 ],
      "auc" : 0.9815341075882316
    },
    "prCurve" : {
      "@class" : "org.deeplearning4j.eval.curves.PrecisionRecallCurve",
      "threshold" : [ 0.0, 0.15019941329956055, 0.16422761976718903, 0.29566389322280884, 0.2959854304790497, 0.34597861766815186, 1.0 ],
      "precision" : [ 0.14666666090488434, 0.3055555522441864, 0.2957746386528015, 0.9130434989929199, 0.9090909361839294, 1.0, 1.0 ],
      "recall" : [ 1.0, 1.0, 0.9545454978942871, 0.9545454978942871, 0.9090909361839294, 0.9090909361839294, 0.0 ],
      "tpCount" : [ 22, 22, 21, 21, 20, 20, 0 ],
      "fpCount" : [ 128, 50, 50, 2, 2, 0, 0 ],
      "fnCount" : [ 0, 0, 1, 1, 2, 2, 22 ],
      "totalCount" : 150,
      "area" : 0.9641696794622643
    },
    "isExact" : true,
    "exampleCount" : 150,
    "rocRemoveRedundantPts" : true
  }, {
    "@class" : "org.deeplearning4j.eval.ROC",
    "thresholdSteps" : 0,
    "countActualPositive" : 21,
    "countActualNegative" : 129,
    "counts" : { },
    "auc" : 0.9904023628721778,
    "auprc" : 0.9247284380195548,
    "rocCurve" : {
      "@class" : "org.deeplearning4j.eval.curves.RocCurve",
      "threshold" : [ 1.0, 0.506951093673706, 0.501715362071991, 0.48026159405708313, 0.4745715260505676, 0.4044795334339142, 0.4011405110359192, 0.36071890592575073, 0.0 ],