{
  "@class" : "org.deeplearning4j.eval.ROCMultiClass",
  "thresholdSteps" : 0,
  "rocRemoveRedundantPts" : true,
  "underlying" : [ {
    "@class" : "org.deeplearning4j.eval.ROC",
    "thresholdSteps" : 0,
    "countActualPositive" : 12,
    "countActualNegative" : 148,
    "counts" : { },
    "auc" : 0.9909909930759789,
    "auprc" : 0.9372199476432961,
    "rocCurve" : {
      "@class" : "org.deeplearning4j.eval.curves.RocCurve",
      "threshold" : [ 1.0, 0.6158791780471802, 0.26992931962013245, 0.24835257232189178, 0.13683457672595978, 0.12764757871627808, 0.0 ],
      "fpr" : [ 0.0, 0.0, 0.020270271226763725, 0.020270271226763725, 0.0878378376364708, 0.0878378376364708, 1.0 ],
      "tpr" : [ 0.0, 0.8333333730697632, 0.8333333730697632, 0.9166666865348816, 0.9166666865348816, 1.0, 1.0 ],
      "auc" : 0.9909909930759789
    },
    "prCurve" : {
      "@class" : "org.deeplearning4j.eval.curves.PrecisionRecallCurve",
      "threshold" : [ 0.0, 0.12764757871627808, 0.13683457672595978, 0.24835257232189178, 0.26992931962013245, 0.6158791780471802, 1.0 ],
      "precision" : [ 0.07500000298023224, 0.47999998927116394, 0.4583333432674408, 0.7857142686843872, 0.7692307829856873, 1.0, 1.0 ],
      "recall" : [ 1.0, 1.0, 0.9166666865348816, 0.9166666865348816, 0.8333333730697632, 0.8333333730697632, 0.0 ],
      "tpCount" : [ 12, 12, 11, 11, 10, 10, 0 ],
      "fpCount" : [ 148, 13, 13, 3, 3, 0, 0 ],
      "fnCount" : [ 0, 0, 1, 1, 2, 2, 12 ],
      "totalCount" : 160,
      "area" : 0.9372199476432961
    },
    "isExact" : true,
    "exampleCount" : 160,
    "rocRemoveRedundantPts" : true
  }, {
    "@class" : "org.deeplearning4j.eval.ROC",
    "thresholdSteps" : 0,
    "countActualPositive" : 13,
    "countActualNegative" : 147,
    "counts" : { },
    "auc" : 0.9994767142098138,
    "auprc" : 0.9942941713262599,
    "rocCurve" : {
      "@class" : "org.deeplearning4j.eval.curves.RocCurve",
      "threshold" : [ 1.0, 0.3532751798629761, 0.34557387232780457, 0.319266140460968, 0.0 ],
      "fpr" : [ 0.0, 0.0, 0.006802720949053764, 0.006802720949053764, 1.0 ],
      "tpr" : [ 0.0, 0.9230769872665405, 0.9230769872665405, 1.0, 1.0 ],
      "auc" : 0.9994767142098138
    },
    "prCurve" : {
      "@class" : "org.deeplearning4j.eval.curves.PrecisionRecallCurve",
      "threshold" : [ 0.0, 0.319266140460968, 0.34557387232780457, 0.3532751798629761, 1.0 ],
      "precision" : [ 0.08124999701976776, 0.9285714030265808, 0.9230769276618958, 1.0, 1.0 ],
      "recall" : [ 1.0, 1.0, 0.9230769872665405, 0.9230769872665405, 0.0 ],
      "tpCount" : [ 13, 13, 12, 12, 0 ],
      "fpCount" : [ 147, 1, 1, 0, 0 ],
      "fnCount" : [ 0, 0, 1, 1, 13 ],
      "totalCount" : 160,
      "area" : 0.9942941713262599
    },
    "isExact" : true,
    "exampleCount" : 160,
    "rocRemoveRedundantPts" : true
  }, {
    "@class" : "org.deeplearning4j.eval.ROC",
    "thresholdSteps" : 0,
    "countActualPositive" : 21,
    "countActualNegative" : 139,
    "counts" : { },
    "auc" : 0.9941760879376875,
    "auprc" : 0.9706093686455866,
    "rocCurve" : {
      "@class" : "org.deeplearning4j.eval.curves.RocCurve",
      "threshold" : [ 1.0, 0.22543084621429443, 0.16823576390743256, 0.16165800392627716, 0.14143596589565277, 0.1388721764087677, 0.1068040207028389, 0.10556551069021225, 0.0 ],
      "fpr" : [ 0.0, 0.0, 0.014388489536941051, 0.014388489536941051, 0.028776979073882103, 0.028776979073882103, 0.0791366919875145, 0.0791366919875145, 1.0 ],
      "tpr" : [ 0.0, 0.8571428656578064, 0.8571428656578064, 0.9047619104385376, 0.9047619104385376, 0.9523809552192688, 0.9523809552192688, 1.0, 1.0 ],
      "auc" : 0.9941760879376875
    },
    "prCurve" : {
      "@class" : "org.deeplearning4j.eval.curves.PrecisionRecallCurve",
      "threshold" : [ 0.0, 0.10556551069021225, 0.1068040207028389, 0.1388721764087677, 0.14143596589565277, 0.16165800392627716, 0.16823576390743256, 0.22543084621429443, 1.0 ],
      "precision" : [ 0.13124999403953552, 0.65625, 0.6451612710952759, 0.8333333134651184, 0.8260869383811951, 0.9047619104385376, 0.8999999761581421, 1.0, 1.0 ],
      "recall" : [ 1.0, 1.0, 0.9523809552192688, 0.9523809552192688, 0.9047619104385376, 0.9047619104385376, 0.8571428656578064, 0.8571428656578064, 0.0 ],
      "tpCount" : [ 21, 21, 20, 20, 19, 19, 18, 18, 0 ],
      "fpCount" : [ 139, 11, 11, 4, 4, 2, 2, 0, 0 ],
      "fnCount" : [ 0, 0, 1, 1, 2, 2, 3, 3, 21 ],
      "totalCount" : 160,
      "area" : 0.9706093686455866
    },
    "isExact" : true,
    "exampleCount" : 160,
    "rocRemoveRedundantPts" : true
  }, {
    "@class" : "org.deeplearning4j.eval.ROC",
    "thresholdSteps" : 0,
    "countActualPositive" : 19,
    "countActualNegative" : 141,
    "counts" : { },
    "auc" : 0.9776035836289771,
    "auprc" : 0.8805166197778975,
    "rocCurve" : {
      "@class" : "org.deeplearning4j.eval.curves.RocCurve",
      "threshold" : [ 1.0, 0.6105009913444519, 0.5263597965240479, 0.46739768981933594, 0.42974135279655457, 0.31578296422958374, 0.2729336619377136, 0.2645885646343231, 0.13671506941318512, 0.1299353986978531, 0.1125539243221283, 0.11175398528575897, 0.0 ],
      "fpr" : [ 0.0, 0.0, 0.007092198356986046, 0.007092198356986046, 0.014184396713972092, 0.014184396713972092, 0.042553190141916275, 0.042553190141916275, 0.13475176692008972, 0.13475176692008972, 0.1560283601284027, 0.1560283601284027, 1.0 ],
      "tpr" : [ 0.0, 0.42105263471603394, 0.42105263471603394, 0.5789473652839661, 0.5789473652839661, 0.8421052694320679, 0.8421052694320679, 0.8947368264198303, 0.8947368264198303, 0.9473684430122375, 0.9473684430122375, 1.0, 1.0 ],
      "auc" : 0.9776035836289771
    },
    "prCurve" : {
      "@class" : "org.deeplearning4j.eval.curves.PrecisionRecallCurve",
      "threshold" : [ 0.0, 0.11175398528575897, 0.1125539243221283, 0.1299353986978531, 0.13671506941318512, 0.2645885646343231, 0.2729336619377136, 0.31578296422958374, 0.3164980113506317, 0.3576499819755554, 0.3862514793872833, 0.38630715012550354, 0.42974135279655457, 0.46739768981933594, 0.48743629455566406, 0.5192825198173523, 0.5263597965240479, 0.6105009913444519, 1.0 ],
      "precision" : [ 0.11874999850988388, 0.46341463923454285, 0.44999998807907104, 0.4864864945411682, 0.4722222089767456, 0.739130437374115, 0.7272727489471436, 0.8888888955116272, 0.8823529481887817, 0.875, 0.8666666746139526, 0.8571428656578064, 0.8461538553237915, 0.9166666865348816, 0.9090909361839294, 0.8999999761581421, 0.8888888955116272, 1.0, 1.0 ],
      "recall" : [ 1.0, 1.0, 0.9473684430122375, 0.9473684430122375, 0.8947368264198303, 0.8947368264198303, 0.8421052694320679, 0.8421052694320679, 0.7894737124443054, 0.7368420958518982, 0.6842105388641357, 0.6315789222717285, 0.5789473652839661, 0.5789473652839661, 0.5263158082962036, 0.4736842215061188, 0.42105263471603394, 0.42105263471603394, 0.0 ],
      "tpCount" : [ 19, 19, 18, 18, 17, 17, 16, 16, 15, 14, 13, 12, 11, 11, 10, 9, 8, 8, 0 ],
      "fpCount" : [ 141, 22, 22, 19, 19, 6, 6, 2, 2, 2, 2, 2, 2, 1, 1, 1, 1, 0, 0 ],
      "fnCount" : [ 0, 0, 1, 1, 2, 2, 3, 3, 4, 5, 6, 7, 8, 8, 9, 10, 11, 11, 19 ],
      "totalCount" : 160,
      "area" : 0.8805166197778975
    },
    "isExact" : true,
    "exampleCount" : 160,
    "rocRemoveRedundantPts" : true
  }, {
    "@class" : "org.deeplearning4j.eval.ROC",
    "thresholdSteps" : 0,
    "countActualPositive" : 14,
    "countActualNegative" : 146,
    "counts" : { },
    "auc" : 1.0,
    "auprc" : 1.0,
    "rocCurve" : {
      "@class" : "org.deeplearning4j.eval.curves.RocCurve",
      "threshold" : [ 1.0, 0.3018421530723572, 0.0 ],
      "fpr" : [ 0.0, 0.0, 1.0 ],
      "tpr" : [ 0.0, 1.0, 1.0 ],
      "auc" : 1.0
    },
    "prCurve" : {
      "@class" : "org.deeplearning4j.eval.curves.PrecisionRecallCurve",
      "threshold" : [ 0.0, 0.3018421530723572, 1.0 ],
      "precision" : [ 0.08749999850988388, 1.0, 1.0 ],
      "recall" : [ 1.0, 1.0, 0.0 ],
      "tpCount" : [ 14, 14, 0 ],
      "fpCount" : [ 146, 0, 0 ],